Timestamp,Temperature,Humidity,Wet_Bulb
2026-04-29 22:59:24,25.9,78.0,22.91
2026-04-29 23:00:20,25.8,79.0,22.96
2026-04-29 23:01:22,26.2,78.0,23.2
2026-04-29 23:25:14,26.5,75.0,23.06
2026-04-29 23:26:16,26.6,76.0,23.3
2026-04-29 23:27:18,26.7,76.0,23.39
2026-04-29 23:28:21,26.7,75.0,23.25
2026-04-29 23:29:23,26.7,75.0,23.25
2026-04-29 23:30:25,26.7,75.0,23.25
2026-04-29 23:31:27,26.8,75.0,23.34
2026-04-29 23:32:29,26.9,75.0,23.44
2026-04-29 23:33:31,26.9,75.0,23.44
2026-04-29 23:34:33,26.8,75.0,23.34
2026-04-29 23:35:35,26.8,75.0,23.34
2026-04-29 23:36:37,26.8,75.0,23.34
2026-04-29 23:37:39,26.8,75.0,23.34
2026-04-29 23:38:42,26.8,75.0,23.34
2026-04-29 23:39:44,26.7,75.0,23.25
2026-04-29 23:40:46,26.7,75.0,23.25
2026-04-29 23:41:48,26.7,74.0,23.1
2026-04-29 23:42:50,26.7,75.0,23.25
2026-04-29 23:43:52,26.5,75.0,23.06
2026-04-29 23:44:54,26.5,75.0,23.06
2026-04-29 23:45:56,26.6,74.0,23.01
2026-04-29 23:46:58,26.6,74.0,23.01
2026-04-29 23:48:00,26.6,74.0,23.01
2026-04-29 23:49:03,26.6,74.0,23.01
2026-04-29 23:50:05,26.7,74.0,23.1
2026-04-29 23:51:07,26.6,74.0,23.01
2026-04-29 23:52:09,26.6,75.0,23.15
2026-04-29 23:53:11,26.6,75.0,23.15
2026-04-29 23:54:13,26.6,75.0,23.15
2026-04-29 23:55:15,26.5,75.0,23.06
2026-04-29 23:56:17,26.6,75.0,23.15
2026-04-29 23:57:19,26.5,75.0,23.06
2026-04-29 23:58:21,26.6,75.0,23.15
2026-04-29 23:59:24,26.6,75.0,23.15
2026-04-30 00:00:26,26.5,75.0,23.06
2026-04-30 00:01:28,26.4,75.0,22.96
2026-04-30 00:02:30,26.4,75.0,22.96
2026-04-30 00:03:32,26.3,75.0,22.87
2026-04-30 00:04:34,26.4,75.0,22.96
2026-04-30 00:05:36,26.3,75.0,22.87
2026-04-30 00:06:38,26.2,75.0,22.77
2026-04-30 00:07:40,26.3,75.0,22.87
2026-04-30 00:08:42,26.3,76.0,23.01
2026-04-30 00:09:45,26.4,76.0,23.11
2026-04-30 00:10:47,26.4,76.0,23.11
2026-04-30 00:11:49,26.4,76.0,23.11
2026-04-30 00:12:51,26.4,76.0,23.11
2026-04-30 00:13:53,26.5,76.0,23.2
2026-04-30 00:14:55,26.6,76.0,23.3
2026-04-30 00:15:57,26.7,76.0,23.39
2026-04-30 00:16:59,26.7,76.0,23.39
2026-04-30 00:18:01,26.8,75.0,23.34
2026-04-30 00:19:03,26.9,75.0,23.44
2026-04-30 00:20:06,27.0,75.0,23.53
2026-04-30 00:21:08,27.0,75.0,23.53
2026-04-30 00:22:10,27.0,75.0,23.53
2026-04-30 00:23:12,27.0,75.0,23.53
2026-04-30 00:24:14,27.0,75.0,23.53
2026-04-30 00:25:16,27.0,75.0,23.53
2026-04-30 00:26:18,27.0,74.0,23.39
2026-04-30 00:27:20,27.0,74.0,23.39
2026-04-30 00:28:22,27.0,74.0,23.39
2026-04-30 00:29:24,27.0,74.0,23.39
2026-04-30 00:30:27,27.0,74.0,23.39
2026-04-30 00:31:29,27.0,74.0,23.39
2026-04-30 00:32:31,27.0,74.0,23.39
2026-04-30 00:33:33,27.0,74.0,23.39
2026-04-30 00:34:35,26.9,75.0,23.44
2026-04-30 00:35:37,26.7,75.0,23.25
2026-04-30 00:36:39,26.6,75.0,23.15
2026-04-30 00:37:41,26.5,75.0,23.06
2026-04-30 00:38:43,26.4,75.0,22.96
2026-04-30 00:39:45,26.4,76.0,23.11
2026-04-30 00:40:48,26.3,76.0,23.01
2026-04-30 00:41:50,26.2,75.0,22.77
2026-04-30 00:42:52,26.2,76.0,22.92
2026-04-30 00:43:54,26.1,76.0,22.82
2026-04-30 00:44:56,26.2,76.0,22.92
2026-04-30 00:45:58,26.2,76.0,22.92
2026-04-30 00:47:00,26.3,75.0,22.87
2026-04-30 00:48:02,26.3,76.0,23.01
2026-04-30 00:49:04,26.4,76.0,23.11
2026-04-30 00:50:06,26.4,76.0,23.11
2026-04-30 00:51:09,26.4,76.0,23.11
2026-04-30 00:52:11,26.4,76.0,23.11
2026-04-30 00:53:13,26.3,76.0,23.01
2026-04-30 00:54:15,26.3,76.0,23.01
2026-04-30 00:55:17,26.3,76.0,23.01
2026-04-30 00:56:19,26.4,76.0,23.11
2026-04-30 00:57:21,26.4,76.0,23.11
2026-04-30 00:58:23,26.3,76.0,23.01
2026-04-30 00:59:25,26.3,76.0,23.01
2026-04-30 01:00:27,26.2,76.0,22.92
2026-04-30 01:01:30,26.1,76.0,22.82
2026-04-30 01:02:32,26.1,76.0,22.82
2026-04-30 01:03:34,26.1,76.0,22.82
2026-04-30 01:04:36,26.2,75.0,22.77
2026-04-30 01:05:38,26.2,75.0,22.77
2026-04-30 01:06:40,26.2,75.0,22.77
2026-04-30 01:07:42,26.1,75.0,22.68
2026-04-30 01:08:44,26.1,75.0,22.68
2026-04-30 01:09:46,26.2,75.0,22.77
2026-04-30 01:10:49,26.2,75.0,22.77
2026-04-30 01:11:51,26.2,75.0,22.77
2026-04-30 01:12:53,26.2,76.0,22.92
2026-04-30 01:13:55,26.2,76.0,22.92
2026-04-30 01:14:57,26.2,76.0,22.92
2026-04-30 01:15:59,26.2,76.0,22.92
2026-04-30 01:17:01,26.1,76.0,22.82
2026-04-30 01:18:03,26.0,76.0,22.73
2026-04-30 01:19:05,26.0,76.0,22.73
2026-04-30 01:20:07,25.9,76.0,22.63
2026-04-30 01:21:10,26.0,77.0,22.87
2026-04-30 01:22:12,26.0,76.0,22.73
2026-04-30 01:23:14,25.9,77.0,22.77
2026-04-30 01:24:16,25.9,77.0,22.77
2026-04-30 01:25:18,25.9,77.0,22.77
2026-04-30 01:26:20,26.0,77.0,22.87
2026-04-30 01:27:22,25.8,77.0,22.68
2026-04-30 01:28:24,25.8,77.0,22.68
2026-04-30 01:29:26,25.8,77.0,22.68
2026-04-30 01:30:28,25.7,76.0,22.44
2026-04-30 01:31:31,25.6,77.0,22.49
2026-04-30 01:32:33,25.5,76.0,22.25
2026-04-30 01:33:35,25.6,77.0,22.49
2026-04-30 01:34:37,25.5,76.0,22.25
2026-04-30 01:35:39,25.6,77.0,22.49
2026-04-30 01:36:41,25.8,76.0,22.54
2026-04-30 01:37:43,25.7,76.0,22.44
2026-04-30 01:38:45,25.9,76.0,22.63
2026-04-30 01:39:47,26.0,76.0,22.73
2026-04-30 01:40:49,26.0,75.0,22.58
2026-04-30 01:41:52,26.0,75.0,22.58
2026-04-30 01:42:54,26.1,75.0,22.68
2026-04-30 01:43:56,26.2,75.0,22.77
2026-04-30 01:44:58,26.3,75.0,22.87
2026-04-30 01:46:00,26.4,74.0,22.82
2026-04-30 01:47:02,26.5,74.0,22.91
2026-04-30 01:48:04,26.6,74.0,23.01
2026-04-30 01:49:06,26.7,74.0,23.1
2026-04-30 01:50:08,26.7,74.0,23.1
2026-04-30 01:51:10,26.6,74.0,23.01
2026-04-30 01:52:13,26.6,74.0,23.01
2026-04-30 01:53:15,26.6,74.0,23.01
2026-04-30 01:54:17,26.7,74.0,23.1
2026-04-30 01:55:19,26.7,74.0,23.1
2026-04-30 01:56:21,26.8,74.0,23.2
2026-04-30 01:57:23,26.8,74.0,23.2
2026-04-30 01:58:25,26.8,74.0,23.2
2026-04-30 01:59:27,26.8,74.0,23.2
2026-04-30 02:00:29,26.8,74.0,23.2
2026-04-30 02:01:31,26.7,74.0,23.1
2026-04-30 02:02:34,26.8,74.0,23.2
2026-04-30 02:03:36,26.8,74.0,23.2
2026-04-30 02:04:38,26.8,75.0,23.34
2026-04-30 02:05:40,26.8,75.0,23.34
2026-04-30 02:06:42,26.8,75.0,23.34
2026-04-30 02:07:44,26.8,75.0,23.34
2026-04-30 02:08:46,26.8,75.0,23.34
2026-04-30 02:09:48,26.8,75.0,23.34
2026-04-30 02:10:50,26.9,75.0,23.44
2026-04-30 02:11:52,26.8,75.0,23.34
2026-04-30 02:12:55,26.9,75.0,23.44
2026-04-30 02:13:57,26.8,75.0,23.34
2026-04-30 02:14:59,26.8,75.0,23.34
2026-04-30 02:16:01,26.8,75.0,23.34
2026-04-30 02:17:03,26.8,75.0,23.34
2026-04-30 02:18:07,26.9,75.0,23.44
2026-04-30 02:19:09,26.9,75.0,23.44
2026-04-30 02:20:11,26.9,75.0,23.44
2026-04-30 02:21:13,26.8,75.0,23.34
2026-04-30 02:22:16,26.9,75.0,23.44
2026-04-30 02:23:18,26.9,75.0,23.44
2026-04-30 02:24:20,26.9,75.0,23.44
2026-04-30 02:25:22,26.9,75.0,23.44
2026-04-30 02:26:24,27.0,75.0,23.53
2026-04-30 02:27:26,27.0,75.0,23.53
2026-04-30 02:28:28,27.0,75.0,23.53
2026-04-30 02:29:30,27.0,75.0,23.53
2026-04-30 02:30:32,26.9,75.0,23.44
2026-04-30 02:31:34,26.9,75.0,23.44
2026-04-30 02:32:37,27.0,75.0,23.53
2026-04-30 02:33:39,27.0,75.0,23.53
2026-04-30 02:34:41,27.0,75.0,23.53
2026-04-30 02:35:43,27.0,75.0,23.53
2026-04-30 02:36:45,27.0,75.0,23.53
2026-04-30 02:37:47,27.0,75.0,23.53
2026-04-30 02:38:49,27.0,75.0,23.53
2026-04-30 02:39:51,27.0,75.0,23.53
2026-04-30 02:40:53,27.0,75.0,23.53
2026-04-30 02:41:55,27.0,75.0,23.53
2026-04-30 02:42:58,27.0,75.0,23.53
2026-04-30 02:44:00,27.0,75.0,23.53
2026-04-30 02:45:02,27.0,75.0,23.53
2026-04-30 02:46:04,27.0,75.0,23.53
2026-04-30 02:47:06,27.0,75.0,23.53
2026-04-30 02:48:08,27.0,75.0,23.53
2026-04-30 02:49:10,27.0,75.0,23.53
2026-04-30 02:50:12,27.0,75.0,23.53
2026-04-30 02:51:14,27.0,75.0,23.53
2026-04-30 02:52:16,27.0,75.0,23.53
2026-04-30 02:53:19,27.0,75.0,23.53
2026-04-30 02:54:21,27.0,75.0,23.53
2026-04-30 02:55:23,27.0,75.0,23.53
2026-04-30 02:56:25,27.0,75.0,23.53
2026-04-30 02:57:27,27.0,75.0,23.53
2026-04-30 02:58:29,27.0,75.0,23.53
2026-04-30 02:59:31,27.0,75.0,23.53
2026-04-30 03:00:33,27.0,75.0,23.53
2026-04-30 03:01:35,27.0,75.0,23.53
2026-04-30 03:02:37,27.0,75.0,23.53
2026-04-30 03:03:40,27.0,75.0,23.53
2026-04-30 03:04:42,27.0,75.0,23.53
2026-04-30 03:05:44,27.0,75.0,23.53
2026-04-30 03:06:46,27.0,75.0,23.53
2026-04-30 03:07:48,27.0,75.0,23.53
2026-04-30 03:08:50,27.0,75.0,23.53
2026-04-30 03:09:52,27.0,75.0,23.53
2026-04-30 03:10:56,27.0,75.0,23.53
2026-04-30 03:11:58,27.0,75.0,23.53
2026-04-30 03:13:01,27.0,75.0,23.53
2026-04-30 03:14:03,27.0,75.0,23.53
2026-04-30 03:15:05,27.0,75.0,23.53
2026-04-30 03:16:07,27.0,75.0,23.53
2026-04-30 03:17:09,27.0,75.0,23.53
2026-04-30 03:18:11,27.0,75.0,23.53
2026-04-30 03:19:13,27.0,75.0,23.53
2026-04-30 03:20:15,27.0,75.0,23.53
2026-04-30 03:21:17,27.0,75.0,23.53
2026-04-30 03:22:19,27.0,75.0,23.53
2026-04-30 03:23:22,26.9,75.0,23.44
2026-04-30 03:24:24,26.9,76.0,23.58
2026-04-30 03:25:26,26.9,76.0,23.58
2026-04-30 03:26:28,26.8,76.0,23.49
2026-04-30 03:27:30,26.7,76.0,23.39
2026-04-30 03:28:32,26.6,77.0,23.44
2026-04-30 03:29:34,26.7,77.0,23.53
2026-04-30 03:30:36,26.7,77.0,23.53
2026-04-30 03:31:38,26.7,77.0,23.53
2026-04-30 03:32:40,26.7,77.0,23.53
2026-04-30 03:33:43,26.6,77.0,23.44
2026-04-30 03:34:45,26.6,76.0,23.3
2026-04-30 03:35:47,26.6,77.0,23.44
2026-04-30 03:36:49,26.6,77.0,23.44
2026-04-30 03:37:51,26.7,77.0,23.53
2026-04-30 03:38:53,26.7,77.0,23.53
2026-04-30 03:39:55,26.6,77.0,23.44
2026-04-30 03:40:57,26.6,77.0,23.44
2026-04-30 03:41:59,26.5,78.0,23.49
2026-04-30 03:43:01,26.4,78.0,23.39
2026-04-30 03:44:04,26.4,78.0,23.39
2026-04-30 03:45:06,26.4,78.0,23.39
2026-04-30 03:46:08,26.5,78.0,23.49
2026-04-30 03:47:10,26.6,78.0,23.58
2026-04-30 03:48:12,26.5,78.0,23.49
2026-04-30 03:49:14,26.2,78.0,23.2
2026-04-30 03:50:16,26.2,78.0,23.2
2026-04-30 03:51:18,26.3,79.0,23.44
2026-04-30 03:52:20,26.3,79.0,23.44
2026-04-30 03:53:22,26.3,79.0,23.44
2026-04-30 03:54:25,26.3,79.0,23.44
2026-04-30 03:55:27,26.4,78.0,23.39
2026-04-30 03:56:29,26.3,78.0,23.29
2026-04-30 03:57:31,26.3,78.0,23.29
2026-04-30 03:58:33,26.3,78.0,23.29
2026-04-30 03:59:35,26.3,78.0,23.29
2026-04-30 04:00:37,26.2,78.0,23.2
2026-04-30 04:01:39,26.3,78.0,23.29
2026-04-30 04:02:41,26.4,78.0,23.39
2026-04-30 04:03:43,26.4,78.0,23.39
2026-04-30 04:04:46,26.5,78.0,23.49
2026-04-30 04:05:48,26.4,78.0,23.39
2026-04-30 04:06:50,26.4,78.0,23.39
2026-04-30 04:07:52,26.4,78.0,23.39
2026-04-30 04:08:54,26.4,78.0,23.39
2026-04-30 04:09:56,26.3,78.0,23.29
2026-04-30 04:10:58,26.3,78.0,23.29
2026-04-30 04:12:00,26.3,78.0,23.29
2026-04-30 04:13:02,26.4,78.0,23.39
2026-04-30 04:14:05,26.4,78.0,23.39
2026-04-30 04:15:07,26.4,78.0,23.39
2026-04-30 04:16:09,26.4,78.0,23.39
2026-04-30 04:17:11,26.5,78.0,23.49
2026-04-30 04:18:13,26.5,78.0,23.49
2026-04-30 04:19:15,26.6,77.0,23.44
2026-04-30 04:20:17,26.6,77.0,23.44
2026-04-30 04:21:19,26.5,77.0,23.34
2026-04-30 04:22:21,26.5,77.0,23.34
2026-04-30 04:23:23,26.5,77.0,23.34
2026-04-30 04:24:26,26.6,77.0,23.44
2026-04-30 04:25:28,26.6,77.0,23.44
2026-04-30 04:26:30,26.5,77.0,23.34
2026-04-30 04:27:32,26.4,77.0,23.25
2026-04-30 04:28:34,26.4,77.0,23.25
2026-04-30 04:29:36,26.4,77.0,23.25
2026-04-30 04:30:38,26.3,77.0,23.15
2026-04-30 04:31:40,26.4,77.0,23.25
2026-04-30 04:32:42,26.4,77.0,23.25
2026-04-30 04:33:44,26.3,77.0,23.15
2026-04-30 04:34:47,26.2,77.0,23.06
2026-04-30 04:35:49,26.2,77.0,23.06
2026-04-30 04:36:51,26.3,77.0,23.15
2026-04-30 04:37:53,26.2,77.0,23.06
2026-04-30 04:38:55,26.3,77.0,23.15
2026-04-30 04:39:57,26.3,77.0,23.15
2026-04-30 04:40:59,26.3,78.0,23.29
2026-04-30 04:42:01,26.4,77.0,23.25
2026-04-30 04:43:03,26.4,77.0,23.25
2026-04-30 04:44:05,26.4,77.0,23.25
2026-04-30 04:45:08,26.4,77.0,23.25
2026-04-30 04:46:10,26.3,77.0,23.15
2026-04-30 04:47:12,26.2,77.0,23.06
2026-04-30 04:48:14,26.3,77.0,23.15
2026-04-30 04:49:16,26.2,77.0,23.06
2026-04-30 04:50:18,26.1,77.0,22.96
2026-04-30 04:51:20,26.1,78.0,23.1
2026-04-30 04:52:22,26.2,78.0,23.2
2026-04-30 04:53:24,26.2,78.0,23.2
2026-04-30 04:54:26,26.2,78.0,23.2
2026-04-30 04:55:29,26.2,78.0,23.2
2026-04-30 04:56:31,26.2,78.0,23.2
2026-04-30 04:57:33,26.2,78.0,23.2
2026-04-30 04:58:35,26.2,78.0,23.2
2026-04-30 04:59:37,26.2,78.0,23.2
2026-04-30 05:00:39,26.1,78.0,23.1
2026-04-30 05:01:41,26.2,78.0,23.2
2026-04-30 05:02:43,26.2,78.0,23.2
2026-04-30 05:03:45,26.2,78.0,23.2
2026-04-30 05:04:47,26.2,78.0,23.2
2026-04-30 05:05:50,26.2,78.0,23.2
2026-04-30 05:06:52,26.2,78.0,23.2
2026-04-30 05:07:54,26.3,78.0,23.29
2026-04-30 05:08:56,26.3,78.0,23.29
2026-04-30 05:09:58,26.4,78.0,23.39
2026-04-30 05:11:00,26.3,78.0,23.29
2026-04-30 05:12:02,26.3,78.0,23.29
2026-04-30 05:13:04,26.3,78.0,23.29
2026-04-30 05:14:06,26.4,78.0,23.39
2026-04-30 05:15:08,26.4,78.0,23.39
2026-04-30 05:16:11,26.4,78.0,23.39
2026-04-30 05:17:13,26.4,78.0,23.39
2026-04-30 05:18:15,26.4,78.0,23.39
2026-04-30 05:19:17,26.4,77.0,23.25
2026-04-30 05:20:19,26.4,78.0,23.39
2026-04-30 05:21:21,26.3,78.0,23.29
2026-04-30 05:22:23,26.4,77.0,23.25
2026-04-30 05:23:25,26.4,77.0,23.25
2026-04-30 05:24:27,26.4,77.0,23.25
2026-04-30 05:25:29,26.4,77.0,23.25
2026-04-30 05:26:32,26.4,77.0,23.25
2026-04-30 05:27:34,26.4,77.0,23.25
2026-04-30 05:28:36,26.5,77.0,23.34
2026-04-30 05:29:38,26.5,77.0,23.34
2026-04-30 05:30:40,26.5,77.0,23.34
2026-04-30 05:31:42,26.6,77.0,23.44
2026-04-30 05:32:44,26.6,76.0,23.3
2026-04-30 05:33:46,26.6,77.0,23.44
2026-04-30 05:34:48,26.6,77.0,23.44
2026-04-30 05:35:50,26.6,77.0,23.44
2026-04-30 05:36:53,26.6,77.0,23.44
2026-04-30 05:37:55,26.6,77.0,23.44
2026-04-30 05:38:57,26.6,77.0,23.44
2026-04-30 05:39:59,26.6,77.0,23.44
2026-04-30 05:41:01,26.6,77.0,23.44
2026-04-30 05:42:03,26.6,77.0,23.44
2026-04-30 05:43:05,26.6,77.0,23.44
2026-04-30 05:44:07,26.6,77.0,23.44
2026-04-30 05:45:09,26.6,77.0,23.44
2026-04-30 05:46:11,26.6,76.0,23.3
2026-04-30 05:47:14,26.6,77.0,23.44
2026-04-30 05:48:16,26.6,77.0,23.44
2026-04-30 05:49:18,26.6,77.0,23.44
2026-04-30 05:50:20,26.6,77.0,23.44
2026-04-30 05:51:22,26.6,77.0,23.44
2026-04-30 05:52:24,26.6,77.0,23.44
2026-04-30 05:53:26,26.6,77.0,23.44
2026-04-30 05:54:28,26.6,77.0,23.44
2026-04-30 05:55:30,26.6,77.0,23.44
2026-04-30 05:56:32,26.6,77.0,23.44
2026-04-30 05:57:35,26.6,77.0,23.44
2026-04-30 05:58:37,26.6,77.0,23.44
2026-04-30 05:59:39,26.6,78.0,23.58
2026-04-30 06:00:41,26.6,78.0,23.58
2026-04-30 06:01:43,26.7,78.0,23.68
2026-04-30 06:02:45,26.7,78.0,23.68
2026-04-30 06:03:47,26.6,78.0,23.58
2026-04-30 06:04:49,26.6,78.0,23.58
2026-04-30 06:05:51,26.6,78.0,23.58
2026-04-30 06:06:53,26.6,78.0,23.58
2026-04-30 06:07:56,26.6,78.0,23.58
2026-04-30 06:08:58,26.6,79.0,23.72
2026-04-30 06:10:00,26.7,78.0,23.68
2026-04-30 06:11:02,26.7,78.0,23.68
2026-04-30 06:12:06,26.6,78.0,23.58
2026-04-30 06:13:08,26.6,79.0,23.72
2026-04-30 06:14:10,26.6,79.0,23.72
2026-04-30 06:15:12,26.6,79.0,23.72
2026-04-30 06:16:14,26.6,79.0,23.72
2026-04-30 06:17:17,26.6,79.0,23.72
2026-04-30 06:18:19,26.6,79.0,23.72
2026-04-30 06:19:21,26.6,79.0,23.72
2026-04-30 06:20:23,26.6,79.0,23.72
2026-04-30 06:21:25,26.6,79.0,23.72
2026-04-30 06:22:27,26.6,79.0,23.72
2026-04-30 06:23:29,26.6,79.0,23.72
2026-04-30 06:24:31,26.6,79.0,23.72
2026-04-30 06:25:33,26.6,79.0,23.72
2026-04-30 06:26:35,26.6,79.0,23.72
2026-04-30 06:27:38,26.6,79.0,23.72
2026-04-30 06:28:40,26.6,80.0,23.87
2026-04-30 06:29:42,26.6,79.0,23.72
2026-04-30 06:30:44,26.6,79.0,23.72
2026-04-30 06:31:46,26.6,79.0,23.72
2026-04-30 06:32:48,26.6,79.0,23.72
2026-04-30 06:33:50,26.6,80.0,23.87
2026-04-30 06:34:52,26.6,79.0,23.72
2026-04-30 06:35:54,26.6,80.0,23.87
2026-04-30 06:36:56,26.6,80.0,23.87
2026-04-30 06:37:59,26.6,80.0,23.87
2026-04-30 06:39:01,26.6,80.0,23.87
2026-04-30 06:40:03,26.6,79.0,23.72
2026-04-30 06:41:05,26.6,80.0,23.87
2026-04-30 06:42:07,26.6,80.0,23.87
2026-04-30 06:43:09,26.6,79.0,23.72
2026-04-30 06:44:11,26.6,79.0,23.72
2026-04-30 06:45:13,26.7,79.0,23.82
2026-04-30 06:46:15,26.6,79.0,23.72
2026-04-30 06:47:17,26.6,79.0,23.72
2026-04-30 06:48:20,26.6,79.0,23.72
2026-04-30 06:49:22,26.6,79.0,23.72
2026-04-30 06:50:24,26.7,80.0,23.96
2026-04-30 06:51:26,26.6,80.0,23.87
2026-04-30 06:52:28,26.6,80.0,23.87
2026-04-30 06:53:30,26.6,80.0,23.87
2026-04-30 06:54:32,26.6,80.0,23.87
2026-04-30 06:55:34,26.6,80.0,23.87
2026-04-30 06:56:36,26.6,80.0,23.87
2026-04-30 06:57:38,26.6,80.0,23.87
2026-04-30 06:58:41,26.5,80.0,23.77
2026-04-30 06:59:43,26.3,80.0,23.58
2026-04-30 07:00:45,26.0,80.0,23.29
2026-04-30 07:01:47,26.0,80.0,23.29
2026-04-30 07:02:49,26.1,80.0,23.39
2026-04-30 07:03:51,26.1,80.0,23.39
2026-04-30 07:04:53,26.2,81.0,23.62
2026-04-30 07:05:55,26.3,80.0,23.58
2026-04-30 07:06:57,26.4,80.0,23.67
2026-04-30 07:07:59,26.4,80.0,23.67
2026-04-30 07:09:02,26.5,80.0,23.77
2026-04-30 07:10:04,26.5,80.0,23.77
2026-04-30 07:11:06,26.5,80.0,23.77
2026-04-30 07:12:08,26.4,80.0,23.67
2026-04-30 07:13:10,26.4,80.0,23.67
2026-04-30 07:14:12,26.4,80.0,23.67
2026-04-30 07:15:14,26.4,80.0,23.67
2026-04-30 07:16:16,26.4,81.0,23.81
2026-04-30 07:17:18,26.4,81.0,23.81
2026-04-30 07:18:21,26.4,81.0,23.81
2026-04-30 07:19:25,26.3,81.0,23.72
2026-04-30 07:20:27,26.3,81.0,23.72
2026-04-30 07:21:29,26.3,81.0,23.72
2026-04-30 07:22:31,26.3,81.0,23.72
2026-04-30 07:23:33,26.2,81.0,23.62
2026-04-30 07:24:35,26.2,81.0,23.62
2026-04-30 07:25:37,26.1,82.0,23.67
2026-04-30 07:26:39,26.1,82.0,23.67
2026-04-30 07:27:42,26.1,82.0,23.67
2026-04-30 07:28:44,26.1,82.0,23.67
2026-04-30 07:29:46,26.2,82.0,23.76
2026-04-30 07:30:48,26.2,82.0,23.76
2026-04-30 07:31:50,26.2,82.0,23.76
2026-04-30 07:32:52,26.2,82.0,23.76
2026-04-30 07:33:54,26.1,82.0,23.67
2026-04-30 07:34:56,26.0,82.0,23.57
2026-04-30 07:35:58,26.0,83.0,23.71
2026-04-30 07:37:00,26.0,83.0,23.71
2026-04-30 07:38:03,26.0,83.0,23.71
2026-04-30 07:39:05,26.0,84.0,23.85
2026-04-30 07:40:07,26.0,83.0,23.71
2026-04-30 07:41:09,26.0,84.0,23.85
2026-04-30 07:42:11,26.0,83.0,23.71
2026-04-30 07:43:13,26.0,83.0,23.71
2026-04-30 07:44:15,26.0,84.0,23.85
2026-04-30 07:45:17,26.0,84.0,23.85
2026-04-30 07:46:19,26.0,84.0,23.85
2026-04-30 07:47:21,26.0,83.0,23.71
2026-04-30 07:48:24,26.0,84.0,23.85
2026-04-30 07:49:26,26.0,83.0,23.71
2026-04-30 07:50:28,26.0,84.0,23.85
2026-04-30 07:51:30,26.0,84.0,23.85
2026-04-30 07:52:32,26.0,84.0,23.85
2026-04-30 07:53:34,26.0,84.0,23.85
2026-04-30 07:54:36,26.1,84.0,23.95
2026-04-30 07:55:38,26.1,84.0,23.95
2026-04-30 07:56:40,26.2,84.0,24.04
2026-04-30 07:57:42,26.2,84.0,24.04
2026-04-30 07:58:45,26.2,84.0,24.04
2026-04-30 07:59:47,26.2,84.0,24.04
2026-04-30 08:00:49,26.3,84.0,24.14
2026-04-30 08:01:51,26.4,84.0,24.24
2026-04-30 08:02:53,26.5,83.0,24.19
2026-04-30 08:03:55,26.4,84.0,24.24
2026-04-30 08:04:57,26.4,84.0,24.24
2026-04-30 08:05:59,26.3,84.0,24.14
2026-04-30 08:07:01,26.3,84.0,24.14
2026-04-30 08:08:03,26.4,84.0,24.24
2026-04-30 08:09:06,26.4,84.0,24.24
2026-04-30 08:10:08,26.4,84.0,24.24
2026-04-30 08:11:10,26.4,83.0,24.1
2026-04-30 08:12:12,26.4,83.0,24.1
2026-04-30 08:13:14,26.4,83.0,24.1
2026-04-30 08:14:16,26.4,83.0,24.1
2026-04-30 08:15:18,26.4,83.0,24.1
2026-04-30 08:16:20,26.4,82.0,23.96
2026-04-30 08:17:22,26.3,82.0,23.86
2026-04-30 08:18:24,26.3,82.0,23.86
2026-04-30 08:19:27,26.3,82.0,23.86
2026-04-30 08:20:29,26.3,82.0,23.86
2026-04-30 08:21:31,26.3,83.0,24.0
2026-04-30 08:22:33,26.3,83.0,24.0
2026-04-30 08:23:35,26.3,83.0,24.0
2026-04-30 08:24:37,26.3,83.0,24.0
2026-04-30 08:25:39,26.2,83.0,23.9
2026-04-30 08:26:41,26.3,82.0,23.86
2026-04-30 08:27:43,26.3,82.0,23.86
2026-04-30 08:28:45,26.4,82.0,23.96
2026-04-30 08:29:50,26.5,82.0,24.05
2026-04-30 08:30:52,26.5,81.0,23.91
2026-04-30 08:31:54,26.4,81.0,23.81
2026-04-30 08:32:58,26.5,81.0,23.91
2026-04-30 08:34:00,26.4,81.0,23.81
2026-04-30 08:35:02,26.3,81.0,23.72
2026-04-30 08:36:04,26.3,81.0,23.72
2026-04-30 08:37:06,26.3,81.0,23.72
2026-04-30 08:38:09,26.2,81.0,23.62
2026-04-30 08:39:11,26.3,81.0,23.72
2026-04-30 08:40:13,26.3,81.0,23.72
2026-04-30 08:41:15,26.2,80.0,23.48
2026-04-30 08:42:17,26.2,81.0,23.62
2026-04-30 08:43:19,26.2,81.0,23.62
2026-04-30 08:44:21,26.3,81.0,23.72
2026-04-30 08:45:23,26.3,81.0,23.72
2026-04-30 08:46:25,26.3,81.0,23.72
2026-04-30 08:47:27,26.3,80.0,23.58
2026-04-30 08:48:30,26.4,81.0,23.81
2026-04-30 08:49:32,26.4,80.0,23.67
2026-04-30 08:50:34,26.3,81.0,23.72
2026-04-30 08:51:36,26.4,80.0,23.67
2026-04-30 08:52:38,26.5,81.0,23.91
2026-04-30 08:53:40,26.5,81.0,23.91
2026-04-30 08:54:42,26.5,80.0,23.77
2026-04-30 08:55:44,26.4,80.0,23.67
2026-04-30 08:56:46,26.4,80.0,23.67
2026-04-30 08:57:48,26.4,81.0,23.81
2026-04-30 08:58:51,26.4,81.0,23.81
2026-04-30 08:59:53,26.3,81.0,23.72
2026-04-30 09:00:55,26.3,81.0,23.72
2026-04-30 09:01:57,26.4,81.0,23.81
2026-04-30 09:02:59,26.4,81.0,23.81
2026-04-30 09:04:01,26.4,81.0,23.81
2026-04-30 09:05:03,26.3,81.0,23.72
2026-04-30 09:06:05,26.4,81.0,23.81
2026-04-30 09:07:07,26.4,81.0,23.81
2026-04-30 09:08:10,26.4,81.0,23.81
2026-04-30 09:09:12,26.4,81.0,23.81
2026-04-30 09:10:14,26.5,81.0,23.91
2026-04-30 09:11:16,26.5,81.0,23.91
2026-04-30 09:12:18,26.5,81.0,23.91
2026-04-30 09:13:20,26.5,82.0,24.05
2026-04-30 09:14:22,26.5,82.0,24.05
2026-04-30 09:15:24,26.5,82.0,24.05
2026-04-30 09:16:26,26.5,82.0,24.05
2026-04-30 09:17:28,26.6,82.0,24.15
2026-04-30 09:18:31,26.6,81.0,24.01
2026-04-30 09:19:33,26.7,81.0,24.1
2026-04-30 09:20:35,26.6,81.0,24.01
2026-04-30 09:21:37,26.6,81.0,24.01
2026-04-30 09:22:39,26.5,81.0,23.91
2026-04-30 09:23:41,26.5,81.0,23.91
2026-04-30 09:24:43,26.5,81.0,23.91
2026-04-30 09:25:45,26.6,82.0,24.15
2026-04-30 09:26:47,26.6,82.0,24.15
2026-04-30 09:27:49,26.6,82.0,24.15
2026-04-30 09:28:52,26.6,82.0,24.15
2026-04-30 09:29:54,26.7,82.0,24.25
2026-04-30 09:30:56,26.7,82.0,24.25
2026-04-30 09:31:58,26.7,82.0,24.25
2026-04-30 09:33:00,26.8,82.0,24.34
2026-04-30 09:34:02,26.9,82.0,24.44
2026-04-30 09:35:04,26.8,81.0,24.2
2026-04-30 09:36:06,26.7,81.0,24.1
2026-04-30 09:37:08,26.7,81.0,24.1
2026-04-30 09:38:10,26.7,81.0,24.1
2026-04-30 09:39:13,26.8,81.0,24.2
2026-04-30 09:40:15,26.9,81.0,24.3
2026-04-30 09:41:17,26.9,81.0,24.3
2026-04-30 09:42:19,26.8,81.0,24.2
2026-04-30 09:43:21,26.8,82.0,24.34
2026-04-30 09:44:23,26.9,81.0,24.3
2026-04-30 09:45:25,26.9,81.0,24.3
2026-04-30 09:46:27,27.0,81.0,24.39
2026-04-30 09:47:29,27.0,81.0,24.39
2026-04-30 09:48:31,27.0,80.0,24.25
2026-04-30 09:49:34,27.0,81.0,24.39
2026-04-30 09:50:36,27.0,80.0,24.25
2026-04-30 09:51:38,27.0,80.0,24.25
2026-04-30 09:52:40,27.0,80.0,24.25
2026-04-30 09:53:42,27.1,80.0,24.35
2026-04-30 09:54:44,27.0,80.0,24.25
2026-04-30 09:55:46,27.0,80.0,24.25
2026-04-30 09:56:48,27.1,80.0,24.35
2026-04-30 09:57:50,27.0,80.0,24.25
2026-04-30 09:58:52,27.0,80.0,24.25
2026-04-30 09:59:55,27.0,80.0,24.25
2026-04-30 10:00:57,27.1,80.0,24.35
2026-04-30 10:01:59,27.1,80.0,24.35
2026-04-30 10:03:01,27.1,80.0,24.35
2026-04-30 10:04:03,27.1,80.0,24.35
2026-04-30 10:05:05,27.1,80.0,24.35
2026-04-30 10:06:07,27.1,80.0,24.35
2026-04-30 10:07:09,27.2,80.0,24.44
2026-04-30 10:08:11,27.1,80.0,24.35
2026-04-30 10:09:13,27.1,80.0,24.35
2026-04-30 10:10:16,27.1,80.0,24.35
2026-04-30 10:11:18,27.0,80.0,24.25
2026-04-30 10:12:20,27.1,80.0,24.35
2026-04-30 10:13:22,27.1,80.0,24.35
2026-04-30 10:14:24,27.1,80.0,24.35
2026-04-30 10:15:26,27.1,80.0,24.35
2026-04-30 10:16:28,27.0,80.0,24.25
2026-04-30 10:17:30,27.0,79.0,24.11
2026-04-30 10:18:32,27.0,80.0,24.25
2026-04-30 10:19:34,27.0,80.0,24.25
2026-04-30 10:20:37,27.1,80.0,24.35
2026-04-30 10:21:39,27.2,80.0,24.44
2026-04-30 10:22:41,27.2,80.0,24.44
2026-04-30 10:23:43,27.2,79.0,24.3
2026-04-30 10:24:45,27.1,79.0,24.2
2026-04-30 10:25:47,27.2,79.0,24.3
2026-04-30 10:26:49,27.2,79.0,24.3
2026-04-30 10:27:51,27.1,78.0,24.06
2026-04-30 10:28:53,27.0,79.0,24.11
2026-04-30 10:29:55,27.0,79.0,24.11
2026-04-30 10:30:58,27.0,79.0,24.11
2026-04-30 10:32:00,27.0,79.0,24.11
2026-04-30 10:33:02,27.1,79.0,24.2
2026-04-30 10:34:04,27.2,79.0,24.3
2026-04-30 10:35:06,27.0,78.0,23.96
2026-04-30 10:36:08,27.0,78.0,23.96
2026-04-30 10:37:10,27.0,78.0,23.96
2026-04-30 10:38:12,27.0,79.0,24.11
2026-04-30 10:39:14,27.0,78.0,23.96
2026-04-30 10:40:16,27.0,78.0,23.96
2026-04-30 10:41:19,27.0,78.0,23.96
2026-04-30 10:42:21,27.0,78.0,23.96
2026-04-30 10:43:23,27.0,78.0,23.96
2026-04-30 10:44:25,27.0,78.0,23.96
2026-04-30 10:45:27,27.0,79.0,24.11
2026-04-30 10:46:29,27.0,79.0,24.11
2026-04-30 10:47:31,27.0,79.0,24.11
2026-04-30 10:48:33,27.0,79.0,24.11
2026-04-30 10:49:35,27.0,79.0,24.11
2026-04-30 10:50:37,27.0,79.0,24.11
2026-04-30 10:51:40,27.0,79.0,24.11
2026-04-30 10:52:42,27.0,79.0,24.11
2026-04-30 10:53:44,27.0,79.0,24.11
2026-04-30 10:54:46,27.0,79.0,24.11
2026-04-30 10:55:48,27.0,79.0,24.11
2026-04-30 10:56:50,27.0,79.0,24.11
2026-04-30 10:57:52,27.0,79.0,24.11
2026-04-30 10:58:54,27.1,79.0,24.2
2026-04-30 10:59:56,27.0,79.0,24.11
2026-04-30 11:00:58,27.0,79.0,24.11
2026-04-30 11:02:01,27.0,79.0,24.11
2026-04-30 11:03:03,27.0,79.0,24.11
2026-04-30 11:04:05,27.0,79.0,24.11
2026-04-30 11:05:07,27.0,79.0,24.11
2026-04-30 11:06:09,27.1,79.0,24.2
2026-04-30 11:07:11,27.1,79.0,24.2
2026-04-30 11:08:13,27.1,79.0,24.2
2026-04-30 11:09:15,27.0,79.0,24.11
2026-04-30 11:10:17,27.0,79.0,24.11
2026-04-30 11:11:19,27.0,79.0,24.11
2026-04-30 11:12:22,27.0,79.0,24.11
2026-04-30 11:13:24,27.0,79.0,24.11
2026-04-30 11:14:26,27.0,79.0,24.11
2026-04-30 11:15:28,27.0,79.0,24.11
2026-04-30 11:16:30,27.1,79.0,24.2
2026-04-30 11:17:32,27.1,79.0,24.2
2026-04-30 11:18:34,27.0,79.0,24.11
2026-04-30 11:19:36,27.1,79.0,24.2
2026-04-30 11:20:38,27.1,79.0,24.2
2026-04-30 11:21:40,27.2,79.0,24.3
2026-04-30 11:22:43,27.1,78.0,24.06
2026-04-30 11:23:45,27.2,78.0,24.15
2026-04-30 11:24:47,27.2,78.0,24.15
2026-04-30 11:25:49,27.1,78.0,24.06
2026-04-30 11:26:51,27.1,78.0,24.06
2026-04-30 11:27:53,27.0,79.0,24.11
2026-04-30 11:28:55,27.0,79.0,24.11
2026-04-30 11:29:57,27.0,79.0,24.11
2026-04-30 11:30:59,27.0,79.0,24.11
2026-04-30 11:32:01,27.0,79.0,24.11
2026-04-30 11:33:04,27.0,79.0,24.11
2026-04-30 11:34:06,27.0,79.0,24.11
2026-04-30 11:35:08,27.1,78.0,24.06
2026-04-30 11:36:10,27.1,78.0,24.06
2026-04-30 11:37:12,27.1,78.0,24.06
2026-04-30 11:38:14,27.2,78.0,24.15
2026-04-30 11:39:16,27.2,78.0,24.15
2026-04-30 11:40:18,27.2,77.0,24.01
2026-04-30 11:41:20,27.2,77.0,24.01
2026-04-30 11:42:22,27.3,77.0,24.1
2026-04-30 11:43:25,27.3,77.0,24.1
2026-04-30 11:44:27,27.2,77.0,24.01
2026-04-30 11:45:29,27.2,77.0,24.01
2026-04-30 11:46:31,27.2,77.0,24.01
2026-04-30 11:47:33,27.2,77.0,24.01
2026-04-30 11:48:35,27.2,77.0,24.01
2026-04-30 11:49:37,27.2,77.0,24.01
2026-04-30 11:50:39,27.2,77.0,24.01
2026-04-30 11:51:41,27.2,77.0,24.01
2026-04-30 11:52:43,27.3,77.0,24.1
2026-04-30 11:53:46,27.3,77.0,24.1
2026-04-30 11:54:48,27.4,77.0,24.2
2026-04-30 11:55:50,27.4,76.0,24.05
2026-04-30 11:56:52,27.4,76.0,24.05
2026-04-30 11:57:54,27.4,76.0,24.05
2026-04-30 11:58:56,27.4,76.0,24.05
2026-04-30 11:59:58,27.4,76.0,24.05
2026-04-30 12:01:00,27.4,76.0,24.05
2026-04-30 12:02:02,27.4,76.0,24.05
2026-04-30 12:03:05,27.3,77.0,24.1
2026-04-30 12:04:07,27.4,77.0,24.2
2026-04-30 12:05:09,27.4,77.0,24.2
2026-04-30 12:06:11,27.4,76.0,24.05
2026-04-30 12:07:13,27.4,77.0,24.2
2026-04-30 12:08:15,27.4,77.0,24.2
2026-04-30 12:09:17,27.4,77.0,24.2
2026-04-30 12:10:19,27.4,77.0,24.2
2026-04-30 12:11:21,27.4,77.0,24.2
2026-04-30 12:12:23,27.4,77.0,24.2
2026-04-30 12:13:26,27.4,77.0,24.2
2026-04-30 12:14:28,27.4,77.0,24.2
2026-04-30 12:15:30,27.4,78.0,24.34
2026-04-30 12:16:32,27.4,78.0,24.34
2026-04-30 12:17:34,27.4,78.0,24.34
2026-04-30 12:18:36,27.3,78.0,24.25
2026-04-30 12:19:38,27.2,78.0,24.15
2026-04-30 12:20:40,27.2,79.0,24.3
2026-04-30 12:21:42,27.2,79.0,24.3
2026-04-30 12:22:44,27.2,79.0,24.3
2026-04-30 12:23:49,27.2,79.0,24.3
2026-04-30 12:24:51,27.2,79.0,24.3
2026-04-30 12:25:53,27.2,79.0,24.3
2026-04-30 12:26:55,27.2,79.0,24.3
2026-04-30 12:27:57,27.2,79.0,24.3
2026-04-30 12:28:59,27.2,79.0,24.3
2026-04-30 12:30:01,27.2,79.0,24.3
2026-04-30 12:31:03,27.3,79.0,24.39
2026-04-30 12:32:05,27.3,79.0,24.39
2026-04-30 12:33:08,27.2,79.0,24.3
2026-04-30 12:34:10,27.3,79.0,24.39
2026-04-30 12:35:12,27.3,79.0,24.39
2026-04-30 12:36:14,27.3,79.0,24.39
2026-04-30 12:37:16,27.3,79.0,24.39
2026-04-30 12:38:18,27.3,79.0,24.39
2026-04-30 12:39:20,27.3,79.0,24.39
2026-04-30 12:40:22,27.3,79.0,24.39
2026-04-30 12:41:24,27.3,79.0,24.39
2026-04-30 12:42:26,27.3,79.0,24.39
2026-04-30 12:43:29,27.3,78.0,24.25
2026-04-30 12:44:31,27.3,79.0,24.39
2026-04-30 12:45:33,27.4,78.0,24.34
2026-04-30 12:46:35,27.4,79.0,24.49
2026-04-30 12:47:37,27.5,78.0,24.44
2026-04-30 12:48:39,27.5,78.0,24.44
2026-04-30 12:49:41,27.5,78.0,24.44
2026-04-30 12:50:43,27.5,78.0,24.44
2026-04-30 12:51:45,27.5,78.0,24.44
2026-04-30 12:52:47,27.5,78.0,24.44
2026-04-30 12:53:50,27.5,78.0,24.44
2026-04-30 12:54:52,27.5,78.0,24.44
2026-04-30 12:55:54,27.5,78.0,24.44
2026-04-30 12:56:56,27.5,78.0,24.44
2026-04-30 12:57:58,27.5,78.0,24.44
2026-04-30 12:59:00,27.5,78.0,24.44
2026-04-30 13:00:02,27.4,78.0,24.34
2026-04-30 13:01:04,27.5,78.0,24.44
2026-04-30 13:02:06,27.5,78.0,24.44
2026-04-30 13:03:08,27.5,78.0,24.44
2026-04-30 13:04:11,27.5,78.0,24.44
2026-04-30 13:05:13,27.5,78.0,24.44
2026-04-30 13:06:15,27.5,79.0,24.59
2026-04-30 13:07:17,27.5,79.0,24.59
2026-04-30 13:08:19,27.5,79.0,24.59
2026-04-30 13:09:21,27.5,79.0,24.59
2026-04-30 13:10:23,27.5,79.0,24.59
2026-04-30 13:11:25,27.5,79.0,24.59
2026-04-30 13:12:27,27.5,78.0,24.44
2026-04-30 13:13:29,27.5,78.0,24.44
2026-04-30 13:14:32,27.5,78.0,24.44
2026-04-30 13:15:34,27.5,78.0,24.44
2026-04-30 13:16:36,27.5,78.0,24.44
2026-04-30 13:17:38,27.5,78.0,24.44
2026-04-30 13:18:40,27.5,78.0,24.44
2026-04-30 13:19:42,27.5,78.0,24.44
2026-04-30 13:20:44,27.5,78.0,24.44
2026-04-30 13:21:46,27.5,78.0,24.44
2026-04-30 13:22:48,27.5,78.0,24.44
2026-04-30 13:23:50,27.5,78.0,24.44
2026-04-30 13:24:53,27.5,78.0,24.44
2026-04-30 13:25:55,27.5,78.0,24.44
2026-04-30 13:26:57,27.5,78.0,24.44
2026-04-30 13:27:59,27.5,78.0,24.44
2026-04-30 13:29:01,27.5,78.0,24.44
2026-04-30 13:30:03,27.5,78.0,24.44
2026-04-30 13:31:05,27.5,78.0,24.44
2026-04-30 13:32:07,27.5,78.0,24.44
2026-04-30 13:33:09,27.5,78.0,24.44
2026-04-30 13:34:11,27.4,78.0,24.34
2026-04-30 13:35:14,27.4,78.0,24.34
2026-04-30 13:36:16,27.5,77.0,24.3
2026-04-30 13:37:18,27.5,78.0,24.44
2026-04-30 13:38:20,27.5,78.0,24.44
2026-04-30 13:39:22,27.5,78.0,24.44
2026-04-30 13:40:24,27.5,77.0,24.3
2026-04-30 13:41:26,27.5,77.0,24.3
2026-04-30 13:42:28,27.5,77.0,24.3
2026-04-30 13:43:30,27.5,77.0,24.3
2026-04-30 13:44:32,27.5,77.0,24.3
2026-04-30 13:45:35,27.5,78.0,24.44
2026-04-30 13:46:37,27.5,77.0,24.3
2026-04-30 13:47:39,27.5,77.0,24.3
2026-04-30 13:48:41,27.5,77.0,24.3
2026-04-30 13:49:43,27.6,77.0,24.39
2026-04-30 13:50:45,27.5,77.0,24.3
2026-04-30 13:51:47,27.5,77.0,24.3
2026-04-30 13:52:49,27.5,78.0,24.44
2026-04-30 13:53:51,27.6,78.0,24.54
2026-04-30 13:54:53,27.6,78.0,24.54
2026-04-30 13:55:56,27.6,78.0,24.54
2026-04-30 13:56:58,27.7,78.0,24.63
2026-04-30 13:58:00,27.6,78.0,24.54
2026-04-30 13:59:02,27.6,79.0,24.68
2026-04-30 14:00:04,27.5,79.0,24.59
2026-04-30 14:01:06,27.5,79.0,24.59
2026-04-30 14:02:08,27.5,80.0,24.73
2026-04-30 14:03:10,27.5,80.0,24.73
2026-04-30 14:04:12,27.5,80.0,24.73
2026-04-30 14:05:14,27.5,80.0,24.73
2026-04-30 14:06:17,27.5,80.0,24.73
2026-04-30 14:07:19,27.5,80.0,24.73
2026-04-30 14:08:21,27.5,80.0,24.73
2026-04-30 14:09:23,27.5,80.0,24.73
2026-04-30 14:10:25,27.6,80.0,24.83
2026-04-30 14:11:27,27.7,80.0,24.92
2026-04-30 14:12:29,27.6,80.0,24.83
2026-04-30 14:13:31,27.6,80.0,24.83
2026-04-30 14:14:33,27.6,80.0,24.83
2026-04-30 14:15:35,27.5,80.0,24.73
2026-04-30 14:17:01,27.6,80.0,24.83
2026-04-30 14:18:03,27.7,80.0,24.92
2026-04-30 14:19:06,27.6,80.0,24.83
2026-04-30 14:20:08,27.6,80.0,24.83
2026-04-30 14:21:10,27.6,80.0,24.83
2026-04-30 14:22:12,27.6,80.0,24.83
2026-04-30 14:23:14,27.6,80.0,24.83
2026-04-30 14:24:16,27.6,80.0,24.83
2026-04-30 14:25:18,27.6,80.0,24.83
2026-04-30 14:26:21,27.6,80.0,24.83
2026-04-30 14:27:23,27.6,80.0,24.83
2026-04-30 14:28:25,27.6,80.0,24.83
2026-04-30 14:29:27,27.6,80.0,24.83
2026-04-30 14:30:29,27.5,80.0,24.73
2026-04-30 14:31:31,27.5,80.0,24.73
2026-04-30 14:32:33,27.5,80.0,24.73
2026-04-30 14:33:35,27.5,80.0,24.73
2026-04-30 14:34:37,27.5,81.0,24.87
2026-04-30 14:35:40,27.5,80.0,24.73
2026-04-30 14:36:42,27.5,81.0,24.87
2026-04-30 14:37:44,27.5,81.0,24.87
2026-04-30 14:38:46,27.4,81.0,24.78
2026-04-30 14:39:48,27.4,81.0,24.78
2026-04-30 14:40:50,27.4,82.0,24.92
2026-04-30 14:41:52,27.4,82.0,24.92
2026-04-30 14:42:54,27.4,81.0,24.78
2026-04-30 14:43:56,27.5,81.0,24.87
2026-04-30 14:44:58,27.5,81.0,24.87
2026-04-30 14:46:01,27.4,82.0,24.92
2026-04-30 14:47:03,27.5,82.0,25.02
2026-04-30 14:48:05,27.5,82.0,25.02
2026-04-30 14:49:07,27.4,82.0,24.92
2026-04-30 14:50:09,27.4,82.0,24.92
2026-04-30 14:51:11,27.5,82.0,25.02
2026-04-30 14:52:13,27.4,82.0,24.92
2026-04-30 14:53:15,27.5,82.0,25.02
2026-04-30 14:54:17,27.5,82.0,25.02
2026-04-30 14:55:19,27.5,82.0,25.02
2026-04-30 14:56:22,27.5,82.0,25.02
2026-04-30 14:57:24,27.6,82.0,25.11
2026-04-30 14:58:28,27.6,82.0,25.11
2026-04-30 14:59:30,27.6,82.0,25.11
2026-04-30 15:00:32,27.6,82.0,25.11
2026-04-30 15:01:34,27.6,82.0,25.11
2026-04-30 15:02:36,27.6,83.0,25.26
2026-04-30 15:03:38,27.6,82.0,25.11
2026-04-30 15:04:40,27.6,82.0,25.11
2026-04-30 15:05:43,27.6,83.0,25.26
2026-04-30 15:06:45,27.6,82.0,25.11
2026-04-30 15:07:47,27.6,82.0,25.11
2026-04-30 15:08:49,27.6,83.0,25.26
2026-04-30 15:09:51,27.6,82.0,25.11
2026-04-30 15:10:53,27.7,82.0,25.21
2026-04-30 15:11:55,27.7,83.0,25.35
2026-04-30 15:12:57,27.7,82.0,25.21
2026-04-30 15:13:59,27.7,82.0,25.21
2026-04-30 15:15:01,27.7,82.0,25.21
2026-04-30 15:16:06,27.7,82.0,25.21
2026-04-30 15:17:08,27.7,82.0,25.21
2026-04-30 15:18:10,27.7,82.0,25.21
2026-04-30 15:19:12,27.7,82.0,25.21
2026-04-30 15:20:14,27.7,82.0,25.21
2026-04-30 15:21:16,27.7,82.0,25.21
2026-04-30 15:22:18,27.7,82.0,25.21
2026-04-30 15:23:20,27.7,82.0,25.21
2026-04-30 15:24:22,27.7,82.0,25.21
2026-04-30 15:25:25,27.7,82.0,25.21
2026-04-30 15:26:27,27.7,83.0,25.35
2026-04-30 15:27:29,27.7,83.0,25.35
2026-04-30 15:28:31,27.7,83.0,25.35
2026-04-30 15:29:33,27.7,82.0,25.21
2026-04-30 15:30:35,27.7,82.0,25.21
2026-04-30 15:31:37,27.6,83.0,25.26
2026-04-30 15:32:39,27.7,83.0,25.35
2026-04-30 15:33:41,27.6,83.0,25.26
2026-04-30 15:34:43,27.6,83.0,25.26
2026-04-30 15:35:46,27.7,83.0,25.35
2026-04-30 15:36:48,27.7,83.0,25.35
2026-04-30 15:37:50,27.7,83.0,25.35
2026-04-30 15:38:52,27.7,82.0,25.21
2026-04-30 15:39:54,27.8,82.0,25.31
2026-04-30 15:40:56,27.8,82.0,25.31
2026-04-30 15:41:58,27.8,82.0,25.31
2026-04-30 15:43:00,27.8,82.0,25.31
2026-04-30 15:44:02,27.8,82.0,25.31
2026-04-30 15:45:04,27.8,82.0,25.31
2026-04-30 15:46:07,27.7,82.0,25.21
2026-04-30 15:47:09,27.7,82.0,25.21
2026-04-30 15:48:11,27.7,82.0,25.21
2026-04-30 15:49:13,27.8,82.0,25.31
2026-04-30 15:50:15,27.8,82.0,25.31
2026-04-30 15:51:17,27.7,82.0,25.21
2026-04-30 15:52:19,27.8,82.0,25.31
2026-04-30 15:53:21,27.8,83.0,25.45
2026-04-30 15:54:23,27.8,83.0,25.45
2026-04-30 15:55:25,27.8,83.0,25.45
2026-04-30 15:56:28,27.8,82.0,25.31
2026-04-30 15:58:11,27.7,83.0,25.35
2026-04-30 15:59:13,27.8,83.0,25.45
2026-04-30 16:00:15,27.8,83.0,25.45
2026-04-30 16:01:17,27.8,83.0,25.45
2026-04-30 16:02:19,27.8,83.0,25.45
2026-04-30 16:03:21,27.8,83.0,25.45
2026-04-30 16:04:23,27.8,83.0,25.45
2026-04-30 16:05:25,27.8,83.0,25.45
2026-04-30 16:06:27,27.8,83.0,25.45
2026-04-30 16:07:30,27.9,83.0,25.55
2026-04-30 16:08:32,27.9,83.0,25.55
2026-04-30 16:09:34,27.9,82.0,25.4
2026-04-30 16:10:36,27.8,83.0,25.45
2026-04-30 16:11:38,27.8,82.0,25.31
2026-04-30 16:12:40,27.8,83.0,25.45
2026-04-30 16:13:42,27.8,83.0,25.45
2026-04-30 16:14:44,27.8,83.0,25.45
2026-04-30 16:15:46,27.8,83.0,25.45
2026-04-30 16:16:48,27.8,82.0,25.31
2026-04-30 16:17:51,27.8,82.0,25.31
2026-04-30 16:18:53,27.8,82.0,25.31
2026-04-30 16:19:55,27.8,82.0,25.31
2026-04-30 16:20:57,27.8,82.0,25.31
2026-04-30 16:21:59,27.9,82.0,25.4
2026-04-30 16:23:01,27.9,82.0,25.4
2026-04-30 16:24:03,27.9,82.0,25.4
2026-04-30 16:25:05,27.9,82.0,25.4
2026-04-30 16:26:07,27.9,82.0,25.4
2026-04-30 16:27:09,27.9,81.0,25.26
2026-04-30 16:28:12,27.9,82.0,25.4
2026-04-30 16:29:14,27.9,82.0,25.4
2026-04-30 16:30:16,27.9,81.0,25.26
2026-04-30 16:31:18,27.9,81.0,25.26
2026-04-30 16:32:20,27.9,81.0,25.26
2026-04-30 16:33:22,27.8,81.0,25.16
2026-04-30 16:34:24,27.9,81.0,25.26
2026-04-30 16:35:26,27.8,81.0,25.16
2026-04-30 16:36:28,27.8,81.0,25.16
2026-04-30 16:37:30,27.8,81.0,25.16
2026-04-30 16:38:33,27.8,81.0,25.16
2026-04-30 16:39:35,27.8,81.0,25.16
2026-04-30 16:40:37,27.8,81.0,25.16
2026-04-30 16:41:39,27.8,81.0,25.16
2026-04-30 16:42:41,27.8,81.0,25.16
2026-04-30 16:43:43,27.9,81.0,25.26
2026-04-30 16:44:45,27.9,81.0,25.26
2026-04-30 16:45:47,27.9,81.0,25.26
2026-04-30 16:46:49,27.9,81.0,25.26
2026-04-30 16:47:51,27.9,81.0,25.26
2026-04-30 16:48:54,27.9,80.0,25.11
2026-04-30 16:49:56,27.9,80.0,25.11
2026-04-30 16:50:58,27.9,80.0,25.11
2026-04-30 16:52:00,27.9,80.0,25.11
2026-04-30 16:53:02,27.9,80.0,25.11
2026-04-30 16:54:04,27.9,80.0,25.11
2026-04-30 16:55:06,27.9,80.0,25.11
2026-04-30 16:56:08,27.9,80.0,25.11
2026-04-30 16:57:10,27.8,80.0,25.02
2026-04-30 16:58:13,27.9,80.0,25.11
2026-04-30 16:59:15,27.9,80.0,25.11
2026-04-30 17:00:17,27.9,80.0,25.11
2026-04-30 17:01:19,27.9,80.0,25.11
2026-04-30 17:03:08,27.9,80.0,25.11
2026-04-30 17:04:10,27.9,80.0,25.11
2026-04-30 17:05:12,28.0,80.0,25.21
2026-04-30 17:06:14,28.0,80.0,25.21
2026-04-30 17:07:16,27.9,80.0,25.11
2026-04-30 17:08:18,27.9,80.0,25.11
2026-04-30 17:09:20,27.9,80.0,25.11
2026-04-30 17:10:23,27.9,80.0,25.11
2026-04-30 17:11:25,27.8,81.0,25.16
2026-04-30 17:12:27,27.9,81.0,25.26
2026-04-30 17:13:31,27.9,81.0,25.26
2026-04-30 17:14:35,27.9,80.0,25.11
2026-04-30 17:15:38,27.9,81.0,25.26
2026-04-30 17:18:18,27.9,81.0,25.26
2026-04-30 17:19:27,27.9,80.0,25.11
2026-04-30 17:20:29,27.8,80.0,25.02
2026-04-30 17:21:31,27.8,81.0,25.16
2026-04-30 17:22:33,27.7,81.0,25.07
2026-04-30 17:23:35,27.7,81.0,25.07
2026-04-30 17:24:38,27.7,81.0,25.07
2026-04-30 17:25:40,27.7,81.0,25.07
2026-04-30 17:26:42,27.7,81.0,25.07
2026-04-30 17:27:44,27.7,81.0,25.07
2026-04-30 17:28:46,27.7,81.0,25.07
2026-04-30 17:29:48,27.6,81.0,24.97
2026-04-30 17:30:50,27.6,81.0,24.97
2026-04-30 17:31:52,27.6,81.0,24.97
2026-04-30 17:32:55,27.7,81.0,25.07
2026-04-30 17:33:57,27.6,81.0,24.97
2026-04-30 17:34:59,27.6,81.0,24.97
2026-04-30 17:36:01,27.6,81.0,24.97
2026-04-30 17:37:03,27.6,81.0,24.97
2026-04-30 17:38:05,27.6,81.0,24.97
2026-04-30 17:39:07,27.6,81.0,24.97
2026-04-30 17:40:09,27.6,81.0,24.97
2026-04-30 17:41:12,27.7,82.0,25.21
2026-04-30 17:42:14,27.7,82.0,25.21
2026-04-30 17:43:16,27.8,82.0,25.31
2026-04-30 17:44:18,27.8,82.0,25.31
2026-04-30 17:45:20,27.8,82.0,25.31
2026-04-30 17:46:22,27.8,81.0,25.16
2026-04-30 17:48:22,27.9,82.0,25.4
2026-04-30 17:50:55,27.9,81.0,25.26
2026-04-30 17:52:53,27.9,82.0,25.4
2026-04-30 18:06:50,28.0,81.0,25.36
2026-04-30 18:07:53,27.9,82.0,25.4
2026-04-30 18:08:55,27.9,82.0,25.4
2026-04-30 18:09:57,27.8,82.0,25.31
2026-04-30 18:10:59,27.8,82.0,25.31
2026-04-30 18:12:01,27.8,82.0,25.31
2026-04-30 18:13:03,27.8,82.0,25.31
2026-04-30 18:14:05,27.8,82.0,25.31
2026-04-30 18:15:07,27.9,82.0,25.4
2026-04-30 18:16:09,27.8,82.0,25.31
2026-04-30 18:17:12,27.8,82.0,25.31
2026-04-30 18:18:14,27.8,82.0,25.31
2026-04-30 18:19:16,27.8,82.0,25.31
2026-04-30 18:20:18,27.8,82.0,25.31
2026-04-30 18:21:20,27.8,82.0,25.31
2026-04-30 18:22:22,27.8,82.0,25.31
2026-04-30 18:23:24,27.9,82.0,25.4
2026-04-30 18:24:26,27.9,82.0,25.4
2026-04-30 18:25:29,27.9,82.0,25.4
2026-04-30 18:26:31,27.9,82.0,25.4
2026-04-30 18:27:33,27.9,82.0,25.4
2026-04-30 18:28:35,27.9,82.0,25.4
2026-04-30 18:29:37,27.9,82.0,25.4
2026-04-30 18:30:39,27.9,82.0,25.4
2026-04-30 18:31:41,27.9,82.0,25.4
2026-04-30 18:32:43,27.9,82.0,25.4
2026-04-30 18:33:45,27.9,82.0,25.4
2026-04-30 18:34:48,28.0,82.0,25.5
2026-04-30 18:35:50,28.0,82.0,25.5
2026-04-30 18:36:52,27.9,82.0,25.4
2026-04-30 18:37:54,28.0,82.0,25.5
2026-04-30 18:38:56,27.9,82.0,25.4
2026-04-30 18:39:58,27.9,82.0,25.4
2026-04-30 18:41:00,28.0,82.0,25.5
2026-04-30 18:42:02,28.0,82.0,25.5
2026-04-30 18:43:05,27.9,82.0,25.4
2026-04-30 18:44:07,27.9,82.0,25.4
2026-04-30 18:45:09,27.9,82.0,25.4
2026-04-30 18:46:11,27.9,82.0,25.4
2026-04-30 18:47:13,28.0,82.0,25.5
2026-04-30 18:48:15,27.9,82.0,25.4
2026-04-30 18:49:17,27.9,82.0,25.4
2026-04-30 18:50:19,27.9,82.0,25.4
2026-04-30 18:51:21,27.9,82.0,25.4
2026-04-30 18:52:24,27.9,82.0,25.4
2026-04-30 18:53:26,27.9,82.0,25.4
2026-04-30 18:54:28,27.8,82.0,25.31
2026-04-30 18:55:30,27.8,82.0,25.31
2026-04-30 18:56:32,27.8,82.0,25.31
2026-04-30 18:57:34,27.8,82.0,25.31
2026-04-30 18:58:36,27.8,82.0,25.31
2026-04-30 18:59:38,27.8,83.0,25.45
2026-04-30 19:00:40,27.8,83.0,25.45
2026-04-30 19:01:42,27.9,82.0,25.4
2026-04-30 19:02:45,27.8,83.0,25.45
2026-04-30 19:03:47,27.9,82.0,25.4
2026-04-30 19:04:49,27.9,83.0,25.55
2026-04-30 19:05:51,27.9,83.0,25.55
2026-04-30 19:06:53,27.9,83.0,25.55
2026-04-30 19:07:55,27.9,82.0,25.4
2026-04-30 19:08:57,27.9,83.0,25.55
2026-04-30 19:09:59,27.9,83.0,25.55
2026-04-30 19:11:01,27.9,82.0,25.4
2026-04-30 19:12:03,27.9,83.0,25.55
2026-04-30 19:13:06,27.9,82.0,25.4
2026-04-30 19:14:08,27.9,82.0,25.4
2026-04-30 19:15:10,27.9,83.0,25.55
2026-04-30 19:16:12,27.9,82.0,25.4
2026-04-30 19:17:14,27.9,82.0,25.4
2026-04-30 19:18:16,27.9,83.0,25.55
2026-04-30 19:19:18,27.9,83.0,25.55
2026-04-30 19:20:20,27.9,82.0,25.4
2026-04-30 19:21:22,27.9,82.0,25.4
2026-04-30 19:22:24,27.9,82.0,25.4
2026-04-30 19:23:27,27.9,82.0,25.4
2026-04-30 19:24:29,28.0,83.0,25.64
2026-04-30 19:25:31,27.9,82.0,25.4
2026-04-30 19:26:33,27.9,82.0,25.4
2026-04-30 19:27:35,27.9,82.0,25.4
2026-04-30 19:28:37,27.9,83.0,25.55
2026-04-30 19:29:39,27.9,82.0,25.4
2026-04-30 19:30:41,27.9,82.0,25.4
2026-04-30 19:31:43,27.8,82.0,25.31
2026-04-30 19:32:46,27.8,82.0,25.31
2026-04-30 19:33:48,27.8,83.0,25.45
2026-04-30 19:34:50,27.8,82.0,25.31
2026-04-30 19:35:52,27.9,83.0,25.55
2026-04-30 19:36:54,27.8,82.0,25.31
2026-04-30 19:37:56,27.8,82.0,25.31
2026-04-30 19:38:58,27.8,82.0,25.31
2026-04-30 19:40:00,27.8,82.0,25.31
2026-04-30 19:41:02,27.8,82.0,25.31
2026-04-30 19:42:05,27.8,82.0,25.31
2026-04-30 19:43:07,27.8,82.0,25.31
2026-04-30 19:44:09,27.8,82.0,25.31
2026-04-30 19:45:11,27.8,82.0,25.31
2026-04-30 19:46:13,27.8,82.0,25.31
2026-04-30 19:47:15,27.8,82.0,25.31
2026-04-30 19:48:17,27.8,82.0,25.31
2026-04-30 19:49:19,27.8,82.0,25.31
2026-04-30 19:50:21,27.8,82.0,25.31
2026-04-30 19:51:23,27.8,82.0,25.31
2026-04-30 19:52:26,27.8,82.0,25.31
2026-04-30 19:53:28,27.8,82.0,25.31
2026-04-30 19:54:30,27.8,82.0,25.31
2026-04-30 19:55:32,27.8,82.0,25.31
2026-04-30 19:56:34,27.8,82.0,25.31
2026-04-30 19:57:36,27.8,82.0,25.31
2026-04-30 19:58:38,27.8,82.0,25.31
2026-04-30 19:59:40,27.7,82.0,25.21
2026-04-30 20:00:42,27.2,81.0,24.58
2026-04-30 20:01:44,26.7,80.0,23.96
2026-04-30 20:02:47,26.4,80.0,23.67
2026-04-30 20:03:49,26.0,80.0,23.29
2026-04-30 20:04:51,25.9,81.0,23.33
2026-04-30 20:05:53,25.9,82.0,23.47
2026-04-30 20:06:55,25.8,82.0,23.38
2026-04-30 20:07:57,25.7,83.0,23.42
2026-04-30 20:08:59,25.3,83.0,23.03
2026-04-30 20:10:01,25.5,83.0,23.23
2026-04-30 20:11:03,25.5,83.0,23.23
2026-04-30 20:12:05,25.6,84.0,23.46
2026-04-30 20:13:08,25.5,83.0,23.23
2026-04-30 20:14:10,25.3,83.0,23.03
2026-04-30 20:15:12,25.3,83.0,23.03
2026-04-30 20:16:14,25.3,83.0,23.03
2026-04-30 20:17:16,25.2,84.0,23.07
2026-04-30 20:18:18,25.2,83.0,22.93
2026-04-30 20:19:20,25.3,84.0,23.17
2026-04-30 20:20:22,25.4,83.0,23.13
2026-04-30 20:21:24,25.3,83.0,23.03
2026-04-30 20:22:27,25.2,83.0,22.93
2026-04-30 20:23:29,25.2,84.0,23.07
2026-04-30 20:24:31,25.2,84.0,23.07
2026-04-30 20:25:33,25.3,84.0,23.17
2026-04-30 20:26:35,25.4,83.0,23.13
2026-04-30 20:27:37,25.4,83.0,23.13
2026-04-30 20:28:39,25.3,83.0,23.03
2026-04-30 20:29:41,25.2,83.0,22.93
2026-04-30 20:30:43,25.2,84.0,23.07
2026-04-30 20:31:45,25.2,84.0,23.07
2026-04-30 20:32:48,25.3,83.0,23.03
2026-04-30 20:33:50,25.1,83.0,22.84
2026-04-30 20:34:52,25.2,83.0,22.93
2026-04-30 20:35:54,25.2,83.0,22.93
2026-04-30 20:36:56,25.3,84.0,23.17
2026-04-30 20:37:58,25.4,83.0,23.13
2026-04-30 20:39:00,25.5,83.0,23.23
2026-04-30 20:40:02,25.4,83.0,23.13
2026-04-30 20:41:04,25.3,83.0,23.03
2026-04-30 20:42:07,25.2,82.0,22.8
2026-04-30 20:43:09,25.2,82.0,22.8
2026-04-30 20:44:11,25.3,83.0,23.03
2026-04-30 20:45:13,25.3,82.0,22.89
2026-04-30 20:46:15,25.4,82.0,22.99
2026-04-30 20:47:17,25.4,82.0,22.99
2026-04-30 20:48:19,25.5,82.0,23.09
2026-04-30 20:49:21,25.5,81.0,22.95
2026-04-30 20:50:23,25.4,81.0,22.85
2026-04-30 20:51:25,25.3,81.0,22.76
2026-04-30 20:52:28,25.2,81.0,22.66
2026-04-30 20:53:30,25.2,81.0,22.66
2026-04-30 20:54:32,25.2,81.0,22.66
2026-04-30 20:55:34,25.3,81.0,22.76
2026-04-30 20:56:36,25.3,81.0,22.76
2026-04-30 20:57:38,25.3,81.0,22.76
2026-04-30 20:58:40,25.4,81.0,22.85
2026-04-30 20:59:42,25.4,80.0,22.71
2026-04-30 21:00:44,25.4,80.0,22.71
2026-04-30 21:01:46,25.4,80.0,22.71
2026-04-30 21:02:49,25.4,80.0,22.71
2026-04-30 21:03:51,25.4,80.0,22.71
2026-04-30 21:04:53,25.4,80.0,22.71
2026-04-30 21:05:55,25.5,80.0,22.81
2026-04-30 21:06:57,25.5,80.0,22.81
2026-04-30 21:07:59,25.5,80.0,22.81
2026-04-30 21:09:01,25.5,80.0,22.81
2026-04-30 21:10:03,25.5,80.0,22.81
2026-04-30 21:11:05,25.5,80.0,22.81
2026-04-30 21:12:08,25.6,80.0,22.91
2026-04-30 21:13:10,25.6,80.0,22.91
2026-04-30 21:14:12,25.6,80.0,22.91
2026-04-30 21:15:14,25.6,80.0,22.91
2026-04-30 21:16:16,25.6,80.0,22.91
2026-04-30 21:17:18,25.6,80.0,22.91
2026-04-30 21:18:20,25.6,80.0,22.91
2026-04-30 21:19:22,25.6,80.0,22.91
2026-04-30 21:20:24,25.7,80.0,23.0
2026-04-30 21:21:26,25.7,80.0,23.0
2026-04-30 21:22:29,25.7,80.0,23.0
2026-04-30 21:23:31,25.7,80.0,23.0
2026-04-30 21:24:33,25.6,80.0,22.91
2026-04-30 21:25:35,25.7,80.0,23.0
2026-04-30 21:26:37,25.7,80.0,23.0
2026-04-30 21:27:39,25.7,80.0,23.0
2026-04-30 21:28:41,25.7,80.0,23.0
2026-04-30 21:29:43,25.6,80.0,22.91
2026-04-30 21:30:45,25.6,80.0,22.91
2026-04-30 21:31:47,25.6,80.0,22.91
2026-04-30 21:32:50,25.6,80.0,22.91
2026-04-30 21:33:52,25.7,80.0,23.0
2026-04-30 21:34:54,25.6,80.0,22.91
2026-04-30 21:35:56,25.5,80.0,22.81
2026-04-30 21:36:58,25.7,80.0,23.0
2026-04-30 21:38:00,25.6,80.0,22.91
2026-04-30 21:39:02,25.7,80.0,23.0
2026-04-30 21:40:04,25.7,80.0,23.0
2026-04-30 21:41:06,25.5,80.0,22.81
2026-04-30 21:42:09,25.4,80.0,22.71
2026-04-30 21:43:11,25.2,80.0,22.52
2026-04-30 21:44:13,25.2,79.0,22.38
2026-04-30 21:45:15,25.3,80.0,22.62
2026-04-30 21:46:17,25.2,80.0,22.52
2026-04-30 21:47:19,25.2,80.0,22.52
2026-04-30 21:48:21,25.2,80.0,22.52
2026-04-30 21:49:23,25.2,80.0,22.52
2026-04-30 21:50:25,25.2,80.0,22.52
2026-04-30 21:51:27,25.2,80.0,22.52
2026-04-30 21:52:30,25.1,80.0,22.43
2026-04-30 21:53:32,25.1,80.0,22.43
2026-04-30 21:54:34,25.0,80.0,22.33
2026-04-30 21:55:36,25.0,81.0,22.47
2026-04-30 21:56:38,25.0,81.0,22.47
2026-04-30 21:57:40,25.0,81.0,22.47
2026-04-30 21:58:42,25.0,82.0,22.6
2026-04-30 21:59:44,25.0,82.0,22.6
2026-04-30 22:00:46,25.0,82.0,22.6
2026-04-30 22:01:48,25.0,81.0,22.47
2026-04-30 22:02:51,25.0,82.0,22.6
2026-04-30 22:03:53,25.0,82.0,22.6
2026-04-30 22:04:55,25.0,82.0,22.6
2026-04-30 22:05:57,24.9,85.0,22.92
2026-04-30 22:06:59,24.8,85.0,22.82
2026-04-30 22:08:01,24.9,85.0,22.92
2026-04-30 22:09:03,25.0,83.0,22.74
2026-04-30 22:10:05,25.0,83.0,22.74
2026-04-30 22:11:07,24.8,85.0,22.82
2026-04-30 22:12:09,24.9,85.0,22.92
2026-04-30 22:13:12,24.9,85.0,22.92
2026-04-30 22:14:14,24.9,85.0,22.92
2026-04-30 22:15:16,24.9,85.0,22.92
2026-04-30 22:16:18,24.9,86.0,23.05
2026-04-30 22:17:20,24.9,86.0,23.05
2026-04-30 22:18:22,24.9,86.0,23.05
2026-04-30 22:19:24,24.8,86.0,22.96
2026-04-30 22:20:26,24.7,86.0,22.86
2026-04-30 22:21:28,24.8,87.0,23.09
2026-04-30 22:22:30,24.8,88.0,23.23
2026-04-30 22:23:33,24.7,88.0,23.13
2026-04-30 22:24:35,24.7,89.0,23.26
2026-04-30 22:25:37,24.8,89.0,23.36
2026-04-30 22:26:39,24.9,89.0,23.46
2026-04-30 22:27:41,25.0,85.0,23.01
2026-04-30 22:28:43,25.0,85.0,23.01
2026-04-30 22:29:45,25.0,84.0,22.88
2026-04-30 22:30:47,24.8,87.0,23.09
2026-04-30 22:31:49,24.8,88.0,23.23
2026-04-30 22:32:52,24.7,88.0,23.13
2026-04-30 22:33:54,24.6,88.0,23.03
2026-04-30 22:34:56,24.7,87.0,22.99
2026-04-30 22:35:58,24.6,88.0,23.03
2026-04-30 22:37:00,24.6,89.0,23.17
2026-04-30 22:38:02,24.6,89.0,23.17
2026-04-30 22:39:04,24.7,88.0,23.13
2026-04-30 22:40:06,24.7,88.0,23.13
2026-04-30 22:41:08,24.8,88.0,23.23
2026-04-30 22:42:10,24.8,88.0,23.23
2026-04-30 22:43:13,24.8,87.0,23.09
2026-04-30 22:44:15,24.7,87.0,22.99
2026-04-30 22:45:17,24.7,87.0,22.99
2026-04-30 22:46:19,24.5,87.0,22.8
2026-04-30 22:47:21,24.5,88.0,22.93
2026-04-30 22:48:23,24.6,88.0,23.03
2026-04-30 22:49:25,24.6,88.0,23.03
2026-04-30 22:50:27,24.6,88.0,23.03
2026-04-30 22:51:29,24.5,88.0,22.93
2026-04-30 22:52:32,24.6,88.0,23.03
2026-04-30 22:53:34,24.6,88.0,23.03
2026-04-30 22:54:36,24.5,89.0,23.07
2026-04-30 22:55:38,24.5,89.0,23.07
2026-04-30 22:56:40,24.5,90.0,23.2
2026-04-30 22:57:42,24.6,89.0,23.17
2026-04-30 22:58:44,24.5,90.0,23.2
2026-04-30 22:59:46,24.6,89.0,23.17
2026-04-30 23:00:48,24.6,89.0,23.17
2026-04-30 23:01:50,24.7,89.0,23.26
2026-04-30 23:02:53,24.7,89.0,23.26
2026-04-30 23:03:55,24.7,89.0,23.26
2026-04-30 23:04:57,24.6,89.0,23.17
2026-04-30 23:05:59,24.6,89.0,23.17
2026-04-30 23:07:01,24.5,88.0,22.93
2026-04-30 23:08:03,24.5,89.0,23.07
2026-04-30 23:09:05,24.7,89.0,23.26
2026-04-30 23:10:07,24.9,88.0,23.33
2026-04-30 23:11:10,25.0,85.0,23.01
2026-04-30 23:12:12,25.1,84.0,22.98
2026-04-30 23:13:14,25.2,83.0,22.93
2026-04-30 23:14:16,25.4,83.0,23.13
2026-04-30 23:15:18,25.5,82.0,23.09
2026-04-30 23:16:20,25.6,81.0,23.04
2026-04-30 23:17:24,25.7,81.0,23.14
2026-04-30 23:18:26,25.7,80.0,23.0
2026-04-30 23:19:28,25.8,80.0,23.1
2026-04-30 23:20:31,25.7,80.0,23.0
2026-04-30 23:21:33,25.7,80.0,23.0
2026-04-30 23:22:35,25.8,80.0,23.1
2026-04-30 23:23:37,25.9,80.0,23.19
2026-04-30 23:24:39,26.0,80.0,23.29
2026-04-30 23:25:41,26.0,80.0,23.29
2026-04-30 23:26:43,26.0,80.0,23.29
2026-04-30 23:27:45,26.1,80.0,23.39
2026-04-30 23:28:47,26.2,80.0,23.48
2026-04-30 23:29:50,26.3,79.0,23.44
